ALTER SESSION SET NLS_DATE_FORMAT='DD/MM/YYYY';

------------------------------------TABLA CLIENTE------------------------------------

INSERT INTO CLIENTE VALUES ('022457S','MIGUEL ANGEL','DE LA TORRE','C/ ROMA, 25','667262683');
INSERT INTO CLIENTE VALUES ('033658T','VIRGINIA','GUTIERREZ','C/ TOLEDO, 71','668789872');
INSERT INTO CLIENTE VALUES ('014787G','CARLOS','CACERES','C/ SIRIA, 191 3-C','665787847');
INSERT INTO CLIENTE VALUES ('056878P','CARLOS','CACERES','C/ SIRIA, 191 3-C','699874529');
COMMIT;

------------------------------------TABLA EMPRESA------------------------------------

INSERT INTO EMPRESA VALUES ('G-32147857','INSERT COINS GAMES S.A','C/ AFRODITA, 785','916547874');
COMMIT;

------------------------------------TABLA IVA------------------------------------

INSERT INTO IVA VALUES (1.21, 0.21);

------------------------------------TABLA PRODUCTO------------------------------------

INSERT INTO PRODUCTO VALUES ('AN-001','HOWARDS LEGACY (XBOX)',69.99,'G-32147857',1.21);
INSERT INTO PRODUCTO VALUES ('AN-002','HOWARDS LEGACY (PS5)',79.99,'G-32147857',1.21);
INSERT INTO PRODUCTO VALUES ('AN-003','TEKKEN 7 (XBOX)',69.99,'G-32147857',1.21);
INSERT INTO PRODUCTO VALUES ('AN-004','TEKKEN 7 (PS5)',69.99,'G-32147857',1.21);
INSERT INTO PRODUCTO VALUES ('AN-005','AC VALHALA (XBOX)',69.99,'G-32147857',1.21);
INSERT INTO PRODUCTO VALUES ('AN-006','AC VALHALA (PS5)',79.99,'G-32147857',1.21);
INSERT INTO PRODUCTO VALUES ('AN-007','AC ORIGINS (XBOX)',59.99,'G-32147857',1.21);
INSERT INTO PRODUCTO VALUES ('AN-008','AC ORIGINS (PS5)',69.99,'G-32147857',1.21);
INSERT INTO PRODUCTO VALUES ('AN-009','AC ODDYSSEY (XBOX)',59.99,'G-32147857',1.21);
INSERT INTO PRODUCTO VALUES ('AN-010','AC ODDYSSEY (PS5)',64.99,'G-32147857',1.21);
INSERT INTO PRODUCTO VALUES ('AN-011','FORZA HORIZON 5 (XBOX)',67.99,'G-32147857',1.21);
INSERT INTO PRODUCTO VALUES ('AN-012','HORIZON ZERO DAWN (PS5)',49.99,'G-32147857',1.21);
INSERT INTO PRODUCTO VALUES ('AN-013','GEARS 5 (XBOX)',49.99,'G-32147857',1.21);
INSERT INTO PRODUCTO VALUES ('AN-014','HORIZON FORBIDDEN WEST (PS5)',69.99,'G-32147857',1.21);
INSERT INTO PRODUCTO VALUES ('AN-015','TLOZ TEARS OF THE KINGDOM (NSW)',72.50,'G-32147857',1.21);
INSERT INTO PRODUCTO VALUES ('AN-016','FF XVI (XBOX)',85.60,'G-32147857',1.21);
INSERT INTO PRODUCTO VALUES ('AN-017','FF XVI (PS5)',90.60,'G-32147857',1.21);
INSERT INTO PRODUCTO VALUES ('AN-018','POKEMON ESCARLATA (NSW)',72.50,'G-32147857',1.21);
INSERT INTO PRODUCTO VALUES ('AN-019','POKEMON PURPURA (NSW)',72.50,'G-32147857',1.21);
INSERT INTO PRODUCTO VALUES ('AN-020','POKEMON ARCEUS (NSW)',72.50,'G-32147857',1.21);
INSERT INTO PRODUCTO VALUES ('AN-021','HOLLOW KNIGHT (XBOX)',21.45,'G-32147857',1.21);
INSERT INTO PRODUCTO VALUES ('AN-022','HOLLOW KNIGHT (NSW)',21.45,'G-32147857',1.21);
INSERT INTO PRODUCTO VALUES ('AN-023','HOLLOW KNIGHT (PS5)',21.45,'G-32147857',1.21);
INSERT INTO PRODUCTO VALUES ('AN-024','HOLLOW KNIGHT: SILKSONG (XBOX)',40.65,'G-32147857',1.21);
INSERT INTO PRODUCTO VALUES ('AN-025','HOLLOW KNIGHT: SILKSONG (PS5)',40.65,'G-32147857',1.21);
INSERT INTO PRODUCTO VALUES ('AN-026','HOLLOW KNIGHT: SILKSONG (NSW)',40.65,'G-32147857',1.21);
INSERT INTO PRODUCTO VALUES ('AN-027','MARIO KART 7 (NSW)',72.50,'G-32147857',1.21);
INSERT INTO PRODUCTO VALUES ('AN-028','PS5 DIGITAL EDITION',649.99,'G-32147857',1.21);
INSERT INTO PRODUCTO VALUES ('AN-029','XBOX SERIE X',429.95,'G-32147857',1.21);
INSERT INTO PRODUCTO VALUES ('AN-030','XBOX SERIE S',279.99,'G-32147857',1.21);
INSERT INTO PRODUCTO VALUES ('AN-031','NINTENDO SWITCH',369.99,'G-32147857',1.21);
INSERT INTO PRODUCTO VALUES ('AN-032','NINTENDO SWITCH OLED',399.99,'G-32147857',1.21);
INSERT INTO PRODUCTO VALUES ('AN-033','SONY DUALSENSE GREY CAMO',67.49,'G-32147857',1.21);
INSERT INTO PRODUCTO VALUES ('AN-034','SONY DUALSENSE RED',75.50,'G-32147857',1.21);
INSERT INTO PRODUCTO VALUES ('AN-035','SONY DUALSENSE BLUE',75.50,'G-32147857',1.21);
INSERT INTO PRODUCTO VALUES ('AN-036','MICROSOFT XBOX RED',59.49,'G-32147857',1.21);
INSERT INTO PRODUCTO VALUES ('AN-037','MICROSOFT XBOX BLACK',59.49,'G-32147857',1.21);
INSERT INTO PRODUCTO VALUES ('AN-038','MICROSOFT XBOX GREEN',59.49,'G-32147857',1.21);
INSERT INTO PRODUCTO VALUES ('AN-039','NINTENDO JOY CON GREEN/PINK',74.90,'G-32147857',1.21);
INSERT INTO PRODUCTO VALUES ('AN-040','NINTENDO JOY CON BLUE/YELLOW',74.90,'G-32147857',1.21);
INSERT INTO PRODUCTO VALUES ('AN-041','NINTENDO JOY CON RED/BLUE',74.90,'G-32147857',1.21);
COMMIT;

------------------------------------TABLA REGISTRO_FACTURA------------------------------------

INSERT INTO REGISTRO_FACTURA VALUES ('FAC-001','16/05/2022');
INSERT INTO REGISTRO_FACTURA VALUES ('FAC-002','15/03/2022');
INSERT INTO REGISTRO_FACTURA VALUES ('FAC-003','25/10/2022');
INSERT INTO REGISTRO_FACTURA VALUES ('FAC-004','27/01/2023');
COMMIT;

------------------------------------TABLA REGISTRO_PEDIDO------------------------------------

--MIGUEL ANGELA--
INSERT INTO REGISTRO_PEDIDO VALUES ('PED-001','022457S','10/05/2022');

--VIRGINIA--
INSERT INTO REGISTRO_PEDIDO VALUES ('PED-002','033658T','03/03/2022');
INSERT INTO REGISTRO_PEDIDO VALUES ('PED-003','033658T','04/03/2022');
INSERT INTO REGISTRO_PEDIDO VALUES ('PED-004','033658T','05/03/2022');

--CARLOS CACERES 1--
INSERT INTO REGISTRO_PEDIDO VALUES ('PED-005','014787G','10/10/2022');
INSERT INTO REGISTRO_PEDIDO VALUES ('PED-006','014787G','12/10/2022');
INSERT INTO REGISTRO_PEDIDO VALUES ('PED-007','014787G','13/10/2022');
INSERT INTO REGISTRO_PEDIDO VALUES ('PED-008','014787G','15/10/2022');

--CARLOS CACERES 2--
INSERT INTO REGISTRO_PEDIDO VALUES ('PED-009','056878P','17/01/2023');
INSERT INTO REGISTRO_PEDIDO VALUES ('PED-010','056878P','19/01/2023');
COMMIT;

------------------------------------TABLA LINEA_PEDIDO------------------------------------

---FACTURA 1---
    --PEDIDO 1--
INSERT INTO LINEA_PEDIDO VALUES ('LP-001','PED-001',10,'AN-001');
INSERT INTO LINEA_PEDIDO VALUES ('LP-002','PED-001',18,'AN-002');
INSERT INTO LINEA_PEDIDO VALUES ('LP-003','PED-001',36,'AN-003');
INSERT INTO LINEA_PEDIDO VALUES ('LP-004','PED-001',17,'AN-004');
INSERT INTO LINEA_PEDIDO VALUES ('LP-005','PED-001',16,'AN-007');
INSERT INTO LINEA_PEDIDO VALUES ('LP-006','PED-001',27,'AN-008');
INSERT INTO LINEA_PEDIDO VALUES ('LP-007','PED-001',15,'AN-009');
INSERT INTO LINEA_PEDIDO VALUES ('LP-008','PED-001',20,'AN-010');
INSERT INTO LINEA_PEDIDO VALUES ('LP-009','PED-001',14,'AN-015');
INSERT INTO LINEA_PEDIDO VALUES ('LP-010','PED-001',37,'AN-016');
INSERT INTO LINEA_PEDIDO VALUES ('LP-011','PED-001',14,'AN-017');
INSERT INTO LINEA_PEDIDO VALUES ('LP-012','PED-001',25,'AN-021');
INSERT INTO LINEA_PEDIDO VALUES ('LP-013','PED-001',15,'AN-022');
INSERT INTO LINEA_PEDIDO VALUES ('LP-014','PED-001',12,'AN-023');
INSERT INTO LINEA_PEDIDO VALUES ('LP-015','PED-001',14,'AN-024');

---FACTURA 2---
    --PEDIDO 2--
INSERT INTO LINEA_PEDIDO VALUES ('LP-001','PED-002',150,'AN-028');
INSERT INTO LINEA_PEDIDO VALUES ('LP-002','PED-002',93,'AN-029');
INSERT INTO LINEA_PEDIDO VALUES ('LP-003','PED-002',50,'AN-030');
INSERT INTO LINEA_PEDIDO VALUES ('LP-004','PED-002',35,'AN-033');
INSERT INTO LINEA_PEDIDO VALUES ('LP-005','PED-002',35,'AN-034');
INSERT INTO LINEA_PEDIDO VALUES ('LP-006','PED-002',40,'AN-035');
INSERT INTO LINEA_PEDIDO VALUES ('LP-007','PED-002',30,'AN-036');
INSERT INTO LINEA_PEDIDO VALUES ('LP-008','PED-002',30,'AN-037');

    --PEDIDO 3--
INSERT INTO LINEA_PEDIDO VALUES ('LP-001','PED-003',46,'AN-001');
INSERT INTO LINEA_PEDIDO VALUES ('LP-002','PED-003',31,'AN-003');
INSERT INTO LINEA_PEDIDO VALUES ('LP-003','PED-003',59,'AN-005');
INSERT INTO LINEA_PEDIDO VALUES ('LP-004','PED-003',30,'AN-007');
INSERT INTO LINEA_PEDIDO VALUES ('LP-005','PED-003',17,'AN-009');
INSERT INTO LINEA_PEDIDO VALUES ('LP-006','PED-003',10,'AN-011');
INSERT INTO LINEA_PEDIDO VALUES ('LP-007','PED-003',5,'AN-013');
INSERT INTO LINEA_PEDIDO VALUES ('LP-008','PED-003',67,'AN-016');
INSERT INTO LINEA_PEDIDO VALUES ('LP-009','PED-003',15,'AN-021');
INSERT INTO LINEA_PEDIDO VALUES ('LP-010','PED-003',115,'AN-024');

    --PEDIDO 4--
INSERT INTO LINEA_PEDIDO VALUES ('LP-001','PED-004',298,'AN-002');
INSERT INTO LINEA_PEDIDO VALUES ('LP-002','PED-004',134,'AN-004');
INSERT INTO LINEA_PEDIDO VALUES ('LP-003','PED-004',210,'AN-006');
INSERT INTO LINEA_PEDIDO VALUES ('LP-004','PED-004',110,'AN-008');
INSERT INTO LINEA_PEDIDO VALUES ('LP-005','PED-004',68,'AN-010');
INSERT INTO LINEA_PEDIDO VALUES ('LP-006','PED-004',76,'AN-012');
INSERT INTO LINEA_PEDIDO VALUES ('LP-007','PED-004',130,'AN-014');
INSERT INTO LINEA_PEDIDO VALUES ('LP-008','PED-004',350,'AN-017');
INSERT INTO LINEA_PEDIDO VALUES ('LP-009','PED-004',170,'AN-023');
INSERT INTO LINEA_PEDIDO VALUES ('LP-010','PED-004',265,'AN-025');

---FACTURA 3---
    --PEDIDO 5--
INSERT INTO LINEA_PEDIDO VALUES ('LP-001','PED-005',230,'AN-005');
INSERT INTO LINEA_PEDIDO VALUES ('LP-002','PED-005',360,'AN-006');
INSERT INTO LINEA_PEDIDO VALUES ('LP-003','PED-005',123,'AN-007');
INSERT INTO LINEA_PEDIDO VALUES ('LP-004','PED-005',256,'AN-008');
INSERT INTO LINEA_PEDIDO VALUES ('LP-005','PED-005',103,'AN-009');
INSERT INTO LINEA_PEDIDO VALUES ('LP-006','PED-005',180,'AN-010');
INSERT INTO LINEA_PEDIDO VALUES ('LP-007','PED-005',55,'AN-011');
INSERT INTO LINEA_PEDIDO VALUES ('LP-008','PED-005',68,'AN-013');
INSERT INTO LINEA_PEDIDO VALUES ('LP-009','PED-005',220,'AN-012');
INSERT INTO LINEA_PEDIDO VALUES ('LP-010','PED-005',235,'AN-014');
INSERT INTO LINEA_PEDIDO VALUES ('LP-011','PED-005',165,'AN-033');
INSERT INTO LINEA_PEDIDO VALUES ('LP-012','PED-005',187,'AN-034');
INSERT INTO LINEA_PEDIDO VALUES ('LP-013','PED-005',187,'AN-035');
INSERT INTO LINEA_PEDIDO VALUES ('LP-014','PED-005',105,'AN-036');
INSERT INTO LINEA_PEDIDO VALUES ('LP-015','PED-005',105,'AN-037');
INSERT INTO LINEA_PEDIDO VALUES ('LP-016','PED-005',105,'AN-038');

    --PEDIDO 6--
INSERT INTO LINEA_PEDIDO VALUES ('LP-001','PED-006',10,'AN-001');
INSERT INTO LINEA_PEDIDO VALUES ('LP-002','PED-006',36,'AN-003');
INSERT INTO LINEA_PEDIDO VALUES ('LP-003','PED-006',45,'AN-005');
INSERT INTO LINEA_PEDIDO VALUES ('LP-004','PED-006',36,'AN-006');
INSERT INTO LINEA_PEDIDO VALUES ('LP-005','PED-006',13,'AN-007');
INSERT INTO LINEA_PEDIDO VALUES ('LP-006','PED-006',20,'AN-008');
INSERT INTO LINEA_PEDIDO VALUES ('LP-007','PED-006',15,'AN-009');
INSERT INTO LINEA_PEDIDO VALUES ('LP-008','PED-006',18,'AN-010');
INSERT INTO LINEA_PEDIDO VALUES ('LP-009','PED-006',21,'AN-021');
INSERT INTO LINEA_PEDIDO VALUES ('LP-010','PED-006',25,'AN-022');
INSERT INTO LINEA_PEDIDO VALUES ('LP-011','PED-006',29,'AN-023');
INSERT INTO LINEA_PEDIDO VALUES ('LP-012','PED-006',20,'AN-024');
INSERT INTO LINEA_PEDIDO VALUES ('LP-013','PED-006',24,'AN-025');
INSERT INTO LINEA_PEDIDO VALUES ('LP-014','PED-006',27,'AN-026');

    --PEDIDO 7--
INSERT INTO LINEA_PEDIDO VALUES ('LP-001','PED-007',165,'AN-028');  
INSERT INTO LINEA_PEDIDO VALUES ('LP-002','PED-007',165,'AN-029');  
INSERT INTO LINEA_PEDIDO VALUES ('LP-003','PED-007',165,'AN-030');
INSERT INTO LINEA_PEDIDO VALUES ('LP-004','PED-007',65,'AN-031');
INSERT INTO LINEA_PEDIDO VALUES ('LP-005','PED-007',50,'AN-032');
INSERT INTO LINEA_PEDIDO VALUES ('LP-006','PED-007',165,'AN-033');
INSERT INTO LINEA_PEDIDO VALUES ('LP-007','PED-007',187,'AN-034');
INSERT INTO LINEA_PEDIDO VALUES ('LP-008','PED-007',187,'AN-035');
INSERT INTO LINEA_PEDIDO VALUES ('LP-009','PED-007',105,'AN-036');
INSERT INTO LINEA_PEDIDO VALUES ('LP-010','PED-007',105,'AN-037');
INSERT INTO LINEA_PEDIDO VALUES ('LP-011','PED-007',105,'AN-038');
INSERT INTO LINEA_PEDIDO VALUES ('LP-012','PED-007',105,'AN-039');
INSERT INTO LINEA_PEDIDO VALUES ('LP-013','PED-007',105,'AN-040');
INSERT INTO LINEA_PEDIDO VALUES ('LP-014','PED-007',105,'AN-041');

    --PEDIDO 8--
INSERT INTO LINEA_PEDIDO VALUES ('LP-001','PED-008',74,'AN-015');
INSERT INTO LINEA_PEDIDO VALUES ('LP-002','PED-008',32,'AN-018');
INSERT INTO LINEA_PEDIDO VALUES ('LP-003','PED-008',95,'AN-019');
INSERT INTO LINEA_PEDIDO VALUES ('LP-004','PED-008',140,'AN-020');
INSERT INTO LINEA_PEDIDO VALUES ('LP-005','PED-008',13,'AN-021');
INSERT INTO LINEA_PEDIDO VALUES ('LP-006','PED-008',17,'AN-022');
INSERT INTO LINEA_PEDIDO VALUES ('LP-007','PED-008',22,'AN-023');
INSERT INTO LINEA_PEDIDO VALUES ('LP-008','PED-008',27,'AN-024');
INSERT INTO LINEA_PEDIDO VALUES ('LP-009','PED-008',29,'AN-025');
INSERT INTO LINEA_PEDIDO VALUES ('LP-010','PED-008',31,'AN-026');
INSERT INTO LINEA_PEDIDO VALUES ('LP-011','PED-008',62,'AN-026');
INSERT INTO LINEA_PEDIDO VALUES ('LP-012','PED-008',35,'AN-031');
INSERT INTO LINEA_PEDIDO VALUES ('LP-013','PED-008',35,'AN-032');
INSERT INTO LINEA_PEDIDO VALUES ('LP-014','PED-008',105,'AN-039');
INSERT INTO LINEA_PEDIDO VALUES ('LP-015','PED-008',105,'AN-040');
INSERT INTO LINEA_PEDIDO VALUES ('LP-016','PED-008',105,'AN-041');

---FACTURA 4---
    --PEDIDO 9--
INSERT INTO LINEA_PEDIDO VALUES ('LP-001','PED-009',74,'AN-015');
INSERT INTO LINEA_PEDIDO VALUES ('LP-002','PED-009',32,'AN-018');
INSERT INTO LINEA_PEDIDO VALUES ('LP-003','PED-009',95,'AN-019');
INSERT INTO LINEA_PEDIDO VALUES ('LP-004','PED-009',140,'AN-020');
INSERT INTO LINEA_PEDIDO VALUES ('LP-005','PED-009',83,'AN-022');
INSERT INTO LINEA_PEDIDO VALUES ('LP-006','PED-009',62,'AN-026');

    --PEDIDO 10--
INSERT INTO LINEA_PEDIDO VALUES ('LP-001','PED-010',90,'AN-031');
INSERT INTO LINEA_PEDIDO VALUES ('LP-002','PED-010',49,'AN-032');
INSERT INTO LINEA_PEDIDO VALUES ('LP-003','PED-010',50,'AN-039');
INSERT INTO LINEA_PEDIDO VALUES ('LP-004','PED-010',50,'AN-040');
INSERT INTO LINEA_PEDIDO VALUES ('LP-005','PED-010',50,'AN-041');
COMMIT;

------------------------------------TABLA REGISTRO_ALBARAN------------------------------------

--ALBARAN 1--
INSERT INTO REGISTRO_ALBARAN VALUES ('ALB-001','15/05/2022','FAC-001','PED-001');

--ALBARAN 2--
INSERT INTO REGISTRO_ALBARAN VALUES ('ALB-002','05/03/2022','FAC-002','PED-002');
INSERT INTO REGISTRO_ALBARAN VALUES ('ALB-003','06/10/2022','FAC-002','PED-003');
INSERT INTO REGISTRO_ALBARAN VALUES ('ALB-004','07/01/2023','FAC-002','PED-004');

--ALBARAN 3--
INSERT INTO REGISTRO_ALBARAN VALUES ('ALB-005','12/10/2022','FAC-003','PED-005');
INSERT INTO REGISTRO_ALBARAN VALUES ('ALB-006','14/10/2022','FAC-003','PED-006');
INSERT INTO REGISTRO_ALBARAN VALUES ('ALB-007','15/10/2022','FAC-003','PED-007');
INSERT INTO REGISTRO_ALBARAN VALUES ('ALB-008','17/10/2022','FAC-003','PED-008');

--ALBARAN 4--
INSERT INTO REGISTRO_ALBARAN VALUES ('ALB-009','19/01/2023','FAC-004','PED-009');
INSERT INTO REGISTRO_ALBARAN VALUES ('ALB-010','21/01/2023','FAC-004','PED-010');
COMMIT;

------------------------------------TABLA LINEA_ALBARAN------------------------------------
---FACTURA 1---
    --ALBARAN 1--
INSERT INTO LINEA_ALBARAN VALUES ('LA-001','ALB-001',10,'AN-001');
INSERT INTO LINEA_ALBARAN VALUES ('LA-002','ALB-001',18,'AN-002');
INSERT INTO LINEA_ALBARAN VALUES ('LA-003','ALB-001',36,'AN-003');
INSERT INTO LINEA_ALBARAN VALUES ('LA-004','ALB-001',17,'AN-004');
INSERT INTO LINEA_ALBARAN VALUES ('LA-005','ALB-001',16,'AN-007');
INSERT INTO LINEA_ALBARAN VALUES ('LA-006','ALB-001',27,'AN-008');
INSERT INTO LINEA_ALBARAN VALUES ('LA-007','ALB-001',15,'AN-009');
INSERT INTO LINEA_ALBARAN VALUES ('LA-008','ALB-001',20,'AN-010');
INSERT INTO LINEA_ALBARAN VALUES ('LA-009','ALB-001',14,'AN-015');
INSERT INTO LINEA_ALBARAN VALUES ('LA-010','ALB-001',37,'AN-016');
INSERT INTO LINEA_ALBARAN VALUES ('LA-011','ALB-001',14,'AN-017');
INSERT INTO LINEA_ALBARAN VALUES ('LA-012','ALB-001',25,'AN-021');
INSERT INTO LINEA_ALBARAN VALUES ('LA-013','ALB-001',15,'AN-022');
INSERT INTO LINEA_ALBARAN VALUES ('LA-014','ALB-001',12,'AN-023');
INSERT INTO LINEA_ALBARAN VALUES ('LA-015','ALB-001',14,'AN-024');

---FACTURA 2---
    --ALBARAN 2--
INSERT INTO LINEA_ALBARAN VALUES ('LA-001','ALB-002',150,'AN-028');
INSERT INTO LINEA_ALBARAN VALUES ('LA-002','ALB-002',93,'AN-029');
INSERT INTO LINEA_ALBARAN VALUES ('LA-003','ALB-002',50,'AN-030');
INSERT INTO LINEA_ALBARAN VALUES ('LA-004','ALB-002',35,'AN-033');
INSERT INTO LINEA_ALBARAN VALUES ('LA-005','ALB-002',35,'AN-034');
INSERT INTO LINEA_ALBARAN VALUES ('LA-006','ALB-002',40,'AN-035');
INSERT INTO LINEA_ALBARAN VALUES ('LA-007','ALB-002',30,'AN-036');
INSERT INTO LINEA_ALBARAN VALUES ('LA-008','ALB-002',30,'AN-037');

    --ALBARAN 3--
INSERT INTO LINEA_ALBARAN VALUES ('LA-001','ALB-003',46,'AN-001');
INSERT INTO LINEA_ALBARAN VALUES ('LA-002','ALB-003',31,'AN-003');
INSERT INTO LINEA_ALBARAN VALUES ('LA-003','ALB-003',59,'AN-005');
INSERT INTO LINEA_ALBARAN VALUES ('LA-004','ALB-003',30,'AN-007');
INSERT INTO LINEA_ALBARAN VALUES ('LA-005','ALB-003',17,'AN-009');
INSERT INTO LINEA_ALBARAN VALUES ('LA-006','ALB-003',10,'AN-011');
INSERT INTO LINEA_ALBARAN VALUES ('LA-007','ALB-003',5,'AN-013');
INSERT INTO LINEA_ALBARAN VALUES ('LA-008','ALB-003',67,'AN-016');
INSERT INTO LINEA_ALBARAN VALUES ('LA-009','ALB-003',15,'AN-021');
INSERT INTO LINEA_ALBARAN VALUES ('LA-010','ALB-003',115,'AN-024');

    --ALBARAN 4--
INSERT INTO LINEA_ALBARAN VALUES ('LA-001','ALB-004',298,'AN-002');
INSERT INTO LINEA_ALBARAN VALUES ('LA-002','ALB-004',134,'AN-004');
INSERT INTO LINEA_ALBARAN VALUES ('LA-003','ALB-004',210,'AN-006');
INSERT INTO LINEA_ALBARAN VALUES ('LA-004','ALB-004',110,'AN-008');
INSERT INTO LINEA_ALBARAN VALUES ('LA-005','ALB-004',68,'AN-010');
INSERT INTO LINEA_ALBARAN VALUES ('LA-006','ALB-004',76,'AN-012');
INSERT INTO LINEA_ALBARAN VALUES ('LA-007','ALB-004',130,'AN-014');
INSERT INTO LINEA_ALBARAN VALUES ('LA-008','ALB-004',350,'AN-017');
INSERT INTO LINEA_ALBARAN VALUES ('LA-009','ALB-004',170,'AN-023');
INSERT INTO LINEA_ALBARAN VALUES ('LA-010','ALB-004',265,'AN-025');

---FACTURA 3---
    --ALBARAN 5--
INSERT INTO LINEA_ALBARAN VALUES ('LA-001','ALB-005',230,'AN-005');
INSERT INTO LINEA_ALBARAN VALUES ('LA-002','ALB-005',360,'AN-006');
INSERT INTO LINEA_ALBARAN VALUES ('LA-003','ALB-005',123,'AN-007');
INSERT INTO LINEA_ALBARAN VALUES ('LA-004','ALB-005',256,'AN-008');
INSERT INTO LINEA_ALBARAN VALUES ('LA-005','ALB-005',103,'AN-009');
INSERT INTO LINEA_ALBARAN VALUES ('LA-006','ALB-005',180,'AN-010');
INSERT INTO LINEA_ALBARAN VALUES ('LA-007','ALB-005',55,'AN-011');
INSERT INTO LINEA_ALBARAN VALUES ('LA-008','ALB-005',68,'AN-013');
INSERT INTO LINEA_ALBARAN VALUES ('LA-009','ALB-005',220,'AN-012');
INSERT INTO LINEA_ALBARAN VALUES ('LA-010','ALB-005',235,'AN-014');
INSERT INTO LINEA_ALBARAN VALUES ('LA-011','ALB-005',165,'AN-033');
INSERT INTO LINEA_ALBARAN VALUES ('LA-012','ALB-005',187,'AN-034');
INSERT INTO LINEA_ALBARAN VALUES ('LA-013','ALB-005',187,'AN-035');
INSERT INTO LINEA_ALBARAN VALUES ('LA-014','ALB-005',105,'AN-036');
INSERT INTO LINEA_ALBARAN VALUES ('LA-015','ALB-005',105,'AN-037');
INSERT INTO LINEA_ALBARAN VALUES ('LA-016','ALB-005',105,'AN-038');

    --ALBARAN 6--
INSERT INTO LINEA_ALBARAN VALUES ('LA-001','ALB-006',10,'AN-001');
INSERT INTO LINEA_ALBARAN VALUES ('LA-002','ALB-006',36,'AN-003');
INSERT INTO LINEA_ALBARAN VALUES ('LA-003','ALB-006',45,'AN-005');
INSERT INTO LINEA_ALBARAN VALUES ('LA-004','ALB-006',36,'AN-006');
INSERT INTO LINEA_ALBARAN VALUES ('LA-005','ALB-006',13,'AN-007');
INSERT INTO LINEA_ALBARAN VALUES ('LA-006','ALB-006',20,'AN-008');
INSERT INTO LINEA_ALBARAN VALUES ('LA-007','ALB-006',15,'AN-009');
INSERT INTO LINEA_ALBARAN VALUES ('LA-008','ALB-006',18,'AN-010');
INSERT INTO LINEA_ALBARAN VALUES ('LA-009','ALB-006',21,'AN-021');
INSERT INTO LINEA_ALBARAN VALUES ('LA-010','ALB-006',25,'AN-022');
INSERT INTO LINEA_ALBARAN VALUES ('LA-011','ALB-006',29,'AN-023');
INSERT INTO LINEA_ALBARAN VALUES ('LA-012','ALB-006',20,'AN-024');
INSERT INTO LINEA_ALBARAN VALUES ('LA-013','ALB-006',24,'AN-025');
INSERT INTO LINEA_ALBARAN VALUES ('LA-014','ALB-006',27,'AN-026');

    --ALBARAN 7--
INSERT INTO LINEA_ALBARAN VALUES ('LA-001','ALB-007',165,'AN-028');  
INSERT INTO LINEA_ALBARAN VALUES ('LA-002','ALB-007',165,'AN-029');  
INSERT INTO LINEA_ALBARAN VALUES ('LA-003','ALB-007',165,'AN-030');
INSERT INTO LINEA_ALBARAN VALUES ('LA-004','ALB-007',65,'AN-031');
INSERT INTO LINEA_ALBARAN VALUES ('LA-005','ALB-007',50,'AN-032');
INSERT INTO LINEA_ALBARAN VALUES ('LA-006','ALB-007',165,'AN-033');
INSERT INTO LINEA_ALBARAN VALUES ('LA-007','ALB-007',187,'AN-034');
INSERT INTO LINEA_ALBARAN VALUES ('LA-008','ALB-007',187,'AN-035');
INSERT INTO LINEA_ALBARAN VALUES ('LA-009','ALB-007',105,'AN-036');
INSERT INTO LINEA_ALBARAN VALUES ('LA-010','ALB-007',105,'AN-037');
INSERT INTO LINEA_ALBARAN VALUES ('LA-011','ALB-007',105,'AN-038');
INSERT INTO LINEA_ALBARAN VALUES ('LA-012','ALB-007',105,'AN-039');
INSERT INTO LINEA_ALBARAN VALUES ('LA-013','ALB-007',105,'AN-040');
INSERT INTO LINEA_ALBARAN VALUES ('LA-014','ALB-007',105,'AN-041');

    --ALBARAN 8--
INSERT INTO LINEA_ALBARAN VALUES ('LA-001','ALB-008',74,'AN-015');
INSERT INTO LINEA_ALBARAN VALUES ('LA-002','ALB-008',32,'AN-018');
INSERT INTO LINEA_ALBARAN VALUES ('LA-003','ALB-008',95,'AN-019');
INSERT INTO LINEA_ALBARAN VALUES ('LA-004','ALB-008',140,'AN-020');
INSERT INTO LINEA_ALBARAN VALUES ('LA-005','ALB-008',13,'AN-021');
INSERT INTO LINEA_ALBARAN VALUES ('LA-006','ALB-008',17,'AN-022');
INSERT INTO LINEA_ALBARAN VALUES ('LA-007','ALB-008',22,'AN-023');
INSERT INTO LINEA_ALBARAN VALUES ('LA-008','ALB-008',27,'AN-024');
INSERT INTO LINEA_ALBARAN VALUES ('LA-009','ALB-008',29,'AN-025');
INSERT INTO LINEA_ALBARAN VALUES ('LA-010','ALB-008',31,'AN-026');
INSERT INTO LINEA_ALBARAN VALUES ('LA-011','ALB-008',62,'AN-026');
INSERT INTO LINEA_ALBARAN VALUES ('LA-012','ALB-008',35,'AN-031');
INSERT INTO LINEA_ALBARAN VALUES ('LA-013','ALB-008',35,'AN-032');
INSERT INTO LINEA_ALBARAN VALUES ('LA-014','ALB-008',105,'AN-039');
INSERT INTO LINEA_ALBARAN VALUES ('LA-015','ALB-008',105,'AN-040');
INSERT INTO LINEA_ALBARAN VALUES ('LA-016','ALB-008',105,'AN-041');

---FACTURA 4---
    --ALBARAN 9--
INSERT INTO LINEA_ALBARAN VALUES ('LA-001','ALB-009',74,'AN-015');
INSERT INTO LINEA_ALBARAN VALUES ('LA-002','ALB-009',32,'AN-018');
INSERT INTO LINEA_ALBARAN VALUES ('LA-003','ALB-009',95,'AN-019');
INSERT INTO LINEA_ALBARAN VALUES ('LA-004','ALB-009',140,'AN-020');
INSERT INTO LINEA_ALBARAN VALUES ('LA-005','ALB-009',83,'AN-022');
INSERT INTO LINEA_ALBARAN VALUES ('LA-006','ALB-009',62,'AN-026');

    --ALBARAN 10--
INSERT INTO LINEA_ALBARAN VALUES ('LA-001','ALB-010',90,'AN-031');
INSERT INTO LINEA_ALBARAN VALUES ('LA-002','ALB-010',49,'AN-032');
INSERT INTO LINEA_ALBARAN VALUES ('LA-003','ALB-010',50,'AN-039');
INSERT INTO LINEA_ALBARAN VALUES ('LA-004','ALB-010',50,'AN-040');
INSERT INTO LINEA_ALBARAN VALUES ('LA-005','ALB-010',50,'AN-041');
COMMIT;

